Sergey, 437299129, /help
Sergey, 437299129, /hi
Sergey, 437299129, /time
Sergey, 437299129, /sum 123 123
Sergey, 437299129, /sum, None 
Sergey, 437299129, /sum 124+23222, None 
Sergey, 437299129, /sum 23 23234, None 
Sergey, 437299129, /hi, None 
Sergey, 437299129, /sum, None 
Sergey, 437299129, /hi 
Sergey, 437299129, /hi 
Sergey, 437299129, /hi 
Sergey, 437299129, /hi 
Sergey, 437299129, /hi 
Sergey, 437299129, /Hi 
Sergey, 437299129, /hi 
Валентина, 880976197, /hi 
Иван, 813586759, /help 
2022-06-04 15:57:03.285651, Sergey, 437299129, /hi 
2022-06-04 16:00:12.497912, Sergey, 437299129, /help 
2022-06-04 16:00:16.453842, Sergey, 437299129, /time 
2022-06-04 16:00:25.602003, Sergey, 437299129, /time 
2022-06-04 16:00:29.381872, Sergey, 437299129, /hi 
2022-06-04 16:00:37.628001, Sergey, 437299129, /sum 2 2 
2022-06-04 16:02:34.077462, Sergey, 437299129, /hi 
2022-06-04 16:02:38.749486, Sergey, 437299129, /time 
2022-06-04 16:02:43.626619, Sergey, 437299129, /help 
2022-06-04 16:02:45.758596, Sergey, 437299129, /time 
2022-06-04 16:03:42.751427, Sergey, 437299129, /time 
2022-06-04 16:04:27.485094, Sergey, 437299129, /time 
2022-06-04 16:04:52.117297, Sergey, 437299129, /time 
2022-06-04 16:05:09.599058, Sergey, 437299129, /hi 
2022-06-04 16:05:13.148494, Sergey, 437299129, /help 
2022-06-04 16:05:14.993074, Sergey, 437299129, /hi 
2022-06-04 16:05:16.611330, Sergey, 437299129, /time 
2022-06-04 16:05:18.525366, Sergey, 437299129, /help 
2022-06-04 16:05:53.483935, Sergey, 437299129, /hi 
2022-06-04 16:06:33.898250, Sergey, 437299129, /hi 
 
2022-06-04 16:06:37.399007, Sergey, 437299129, /time 
 
2022-06-04 16:06:41.270847, Sergey, 437299129, /help 
 
2022-06-04 16:06:55.962922, Sergey, 437299129, /hi 
 
2022-06-04 16:06:58.006408, Sergey, 437299129, /help 
 
2022-06-04 16:08:39.122276, Sergey, 437299129, /hi 
 
2022-06-04 16:10:37.447945, Sergey, 437299129, /hi 
 
2022-06-04 16:12:24.328293, Sergey, 437299129, /hi 
 
2022-06-04 16:13:07.401349, Sergey, 437299129, /hi 
 
2022-06-04 16:14:57.127190, Sergey, 437299129, /hi 
 
2022-06-04 16:18:25.802122, Karina, 989255966, /help 
 
2022-06-04 16:18:31.584536, Sergey, 437299129, /time 
 
2022-06-04 16:29:04.324535, Sergey, 437299129, /hi 
 
2022-06-04 16:30:07.090094, Sergey, 437299129, /hi 
 
2022-06-04 16:51:32.515822, Sergey, 437299129, /hi 
 
2022-06-04 17:15:34.914214, Sergey, 437299129, /time 
 
2022-06-04 17:15:35.079826, Василий, 2121056310, /hi 
 
2022-06-05 15:56:09.727860, Sergey, 437299129, /hi 
 
2022-06-06 08:22:58.789442, Sergey, 437299129, /hi 
 
2022-06-06 08:24:22.662508, Sergey, 437299129, /time 
 
2022-06-06 18:59:10.119672, Sergey, 437299129, /hi 
 
2022-06-06 18:59:21.325686, Sergey, 437299129, /hi 
 
2022-06-06 19:00:25.145689, Sergey, 437299129, /help 
 
2022-06-06 19:00:28.770023, Sergey, 437299129, /time 
 
2022-06-06 19:00:34.088209, Sergey, 437299129, /time 
 
2022-06-06 19:01:06.198063, Sergey, 437299129, /hi 
 
2022-06-06 19:01:53.150856, Василий, 2121056310, /time 
 
2022-06-06 19:10:09.587294, Sergey, 437299129, /sum 33457 675365 
 
2022-06-06 20:18:24.525165, Василий, 2121056310, /hi 
 
2022-06-06 20:18:24.597067, Sergey, 437299129, /hi 
 
2022-06-06 20:24:29.380177, Sergey, 437299129, /pr 33 11 
 
2022-06-06 20:24:47.128291, Sergey, 437299129, /pr 3 0 
 
2022-06-06 20:25:43.198118, Sergey, 437299129, /pr 2.1 3.4 
 
2022-06-06 20:26:15.574148, Sergey, 437299129, /pr 2.1 3.4 
 
2022-06-06 20:26:33.041001, Sergey, 437299129, /pr 2,1 3,4 
 
2022-06-06 20:27:08.058746, Sergey, 437299129, /pr 2.1 3.4 
 
2022-06-06 21:16:14.478085, Sergey, 437299129, /hi 
 
